<?xml version="1.0"?>
<module>
<exporttime>2014-09-16 17:34:11</exporttime>
<name>Survey</name>
<label>Survey</label>
<parent>Analytics</parent>
<version>1.0</version>
<dependencies>
<vtiger_version>6.0.0</vtiger_version>
</dependencies>
<tables>
<table>
<name>vtiger_survey</name>
<sql><![CDATA[CREATE TABLE `vtiger_survey` (
  `surveyid` int(11) NOT NULL DEFAULT '0',
    PRIMARY KEY (`surveyid`)
) ENGINE=InnoDB DEFAULT CHARSET=utf8]]></sql>
</table>
<table>
<name>vtiger_surveycf</name>
<sql><![CDATA[CREATE TABLE `vtiger_surveycf` (
  `surveyid` int(11) NOT NULL,
  PRIMARY KEY (`surveyid`)
) ENGINE=InnoDB DEFAULT CHARSET=utf8]]></sql>
</table>
</tables>
<blocks>
<block>
<label>LBL_BLOCK_GENERAL_INFORMATION</label>
<sequence>1</sequence>
<show_title>0</show_title>
<visible>0</visible>
<create_view>0</create_view>
<edit_view>0</edit_view>
<detail_view>0</detail_view>
<display_status>0</display_status>
<iscustom>0</iscustom>
<islist>0</islist>
<fields>
<field>
<fieldname>surveyid</fieldname>
<uitype>4</uitype>
<columnname>surveyid</columnname>
<columntype>VARCHAR(32)</columntype>
<tablename>vtiger_surveys</tablename>
<generatedtype>1</generatedtype>
<fieldlabel>LBL_SURVEYID</fieldlabel>
<readonly>2</readonly>
<presence>2</presence>
<defaultvalue></defaultvalue>
<sequence>1</sequence>
<maximumlength>100</maximumlength>
<typeofdata>V~M</typeofdata>
<quickcreate>0</quickcreate>
<quickcreatesequence></quickcreatesequence>
<displaytype>3</displaytype>
<info_type>BAS</info_type>
<helpinfo><![CDATA[]]></helpinfo>
<masseditable>0</masseditable>
<entityidentifier>
<fieldname>surveyid</fieldname>
<entityidfield>surveyid</entityidfield>
<entityidcolumn>surveyid</entityidcolumn>
</entityidentifier>
</field>
<field>
<fieldname>survey_date</fieldname>
<uitype>5</uitype>
<columnname>survey_date</columnname>
<columntype>DATE</columntype>
<tablename>vtiger_surveys</tablename>
<generatedtype>2</generatedtype>
<fieldlabel>LBL_SURVEY_DATE</fieldlabel>
<readonly>1</readonly>
<presence>2</presence>
<defaultvalue></defaultvalue>
<sequence>2</sequence>
<maximumlength>100</maximumlength>
<typeofdata>D~M</typeofdata>
<quickcreate>1</quickcreate>
<quickcreatesequence></quickcreatesequence>
<displaytype>1</displaytype>
<info_type>BAS</info_type>
<helpinfo><![CDATA[LBL_SURVEY_DATE_INFO]]></helpinfo>
<masseditable>1</masseditable>
</field>
<field>
<fieldname>survey_time</fieldname>
<uitype>6</uitype>
<columnname>survey_time</columnname>
<columntype>TIMESTAMP NULL</columntype>
<tablename>vtiger_surveys</tablename>
<generatedtype>2</generatedtype>
<fieldlabel>LBL_SURVEY_TIME</fieldlabel>
<readonly>1</readonly>
<presence>2</presence>
<defaultvalue></defaultvalue>
<sequence>3</sequence>
<maximumlength>100</maximumlength>
<typeofdata>DT~M</typeofdata>
<quickcreate>1</quickcreate>
<quickcreatesequence></quickcreatesequence>
<displaytype>1</displaytype>
<info_type>BAS</info_type>
<helpinfo><![CDATA[LBL_SURVEY_TIME_INFO]]></helpinfo>
<masseditable>1</masseditable>
</field>
<field>
<fieldname>surveyor</fieldname>
<uitype>77</uitype>
<columnname>surveyor</columnname>
<columntype>INT(11)</columntype>
<tablename>vtiger_surveys</tablename>
<generatedtype>1</generatedtype>
<fieldlabel>LBL_SURVEYOR</fieldlabel>
<readonly>1</readonly>
<presence>2</presence>
<defaultvalue></defaultvalue>
<sequence>4</sequence>
<maximumlength>100</maximumlength>
<typeofdata>V~M</typeofdata>
<quickcreate>1</quickcreate>
<quickcreatesequence></quickcreatesequence>
<displaytype>1</displaytype>
<info_type>BAS</info_type>
<helpinfo><![CDATA[LBL_SURVEYOR_INFO]]></helpinfo>
<masseditable>1</masseditable>
</field>
<field>
<fieldname>related_to</fieldname>
<uitype>51</uitype>
<columnname>related_to</columnname>
<columntype>INT(11)</columntype>
<tablename>vtiger_surveys</tablename>
<generatedtype>1</generatedtype>
<fieldlabel>LBL_RELATED_TO</fieldlabel>
<readonly>1</readonly>
<presence>2</presence>
<defaultvalue></defaultvalue>
<sequence>5</sequence>
<maximumlength>100</maximumlength>
<typeofdata>V~O</typeofdata>
<quickcreate>1</quickcreate>
<quickcreatesequence></quickcreatesequence>
<displaytype>1</displaytype>
<info_type>BAS</info_type>
<helpinfo><![CDATA[LBL_RELATED_TO_INFO]]></helpinfo>
<masseditable>1</masseditable>
</field>
<field>
<fieldname>contact</fieldname>
<uitype>57</uitype>
<columnname>contact</columnname>
<columntype>INT(11)</columntype>
<tablename>vtiger_surveys</tablename>
<generatedtype>1</generatedtype>
<fieldlabel>LBL_CONTACT</fieldlabel>
<readonly>1</readonly>
<presence>2</presence>
<defaultvalue></defaultvalue>
<sequence>6</sequence>
<maximumlength>100</maximumlength>
<typeofdata>V~O</typeofdata>
<quickcreate>1</quickcreate>
<quickcreatesequence></quickcreatesequence>
<displaytype>1</displaytype>
<info_type>BAS</info_type>
<helpinfo><![CDATA[LBL_CONTACT_INFO]]></helpinfo>
<masseditable>1</masseditable>
</field>
<field>
<fieldname>potential</fieldname>
<uitype>76</uitype>
<columnname>potential</columnname>
<columntype>INT(11)</columntype>
<tablename>vtiger_surveys</tablename>
<generatedtype>1</generatedtype>
<fieldlabel>LBL_POTENTIAL</fieldlabel>
<readonly>1</readonly>
<presence>2</presence>
<defaultvalue></defaultvalue>
<sequence>7</sequence>
<maximumlength>100</maximumlength>
<typeofdata>V~O</typeofdata>
<quickcreate>1</quickcreate>
<quickcreatesequence></quickcreatesequence>
<displaytype>1</displaytype>
<info_type>BAS</info_type>
<helpinfo><![CDATA[LBL_POTENTIAL_INFO]]></helpinfo>
<masseditable>1</masseditable>
</field>
</fields>
</block>
<block>
<label>LBL_BLOCK_SYSTEM_INFORMATION</label>
<sequence>2</sequence>
<show_title>0</show_title>
<visible>0</visible>
<create_view>0</create_view>
<edit_view>0</edit_view>
<detail_view>0</detail_view>
<display_status>0</display_status>
<iscustom>0</iscustom>
<islist>0</islist>
<fields>
<field>
<fieldname>assigned_user_id</fieldname>
<uitype>53</uitype>
<columnname>smownerid</columnname>
<columntype>VARCHAR(128)</columntype>
<tablename>vtiger_crmentity</tablename>
<generatedtype>1</generatedtype>
<fieldlabel>Assigned To</fieldlabel>
<readonly>1</readonly>
<presence>2</presence>
<defaultvalue></defaultvalue>
<sequence>1</sequence>
<maximumlength>100</maximumlength>
<typeofdata>V~M</typeofdata>
<quickcreate>1</quickcreate>
<quickcreatesequence></quickcreatesequence>
<displaytype>1</displaytype>
<info_type>BAS</info_type>
<helpinfo><![CDATA[]]></helpinfo>
<masseditable>1</masseditable>
</field>
<field>
<fieldname>createdtime</fieldname>
<uitype>70</uitype>
<columnname>createdtime</columnname>
<columntype>DATETIME</columntype>
<tablename>vtiger_crmentity</tablename>
<generatedtype>1</generatedtype>
<fieldlabel>Created Time</fieldlabel>
<readonly>1</readonly>
<presence>2</presence>
<defaultvalue></defaultvalue>
<sequence>2</sequence>
<maximumlength>100</maximumlength>
<typeofdata>T~O</typeofdata>
<quickcreate>1</quickcreate>
<quickcreatesequence></quickcreatesequence>
<displaytype>2</displaytype>
<info_type>BAS</info_type>
<helpinfo><![CDATA[]]></helpinfo>
<masseditable>0</masseditable>
</field>
<field>
<fieldname>modifiedtime</fieldname>
<uitype>19</uitype>
<columnname>modifiedtime</columnname>
<columntype>TEXT</columntype>
<tablename>vtiger_crmentity</tablename>
<generatedtype>1</generatedtype>
<fieldlabel>Modified Time</fieldlabel>
<readonly>1</readonly>
<presence>2</presence>
<defaultvalue></defaultvalue>
<sequence>3</sequence>
<maximumlength>100</maximumlength>
<typeofdata>T~O</typeofdata>
<quickcreate>1</quickcreate>
<quickcreatesequence></quickcreatesequence>
<displaytype>2</displaytype>
<info_type>BAS</info_type>
<helpinfo><![CDATA[]]></helpinfo>
<masseditable>0</masseditable>
</field>
</fields>
</block>
</blocks>
<customviews>
<customview>
<viewname>All</viewname>
<setdefault>true</setdefault>
<setmetrics>false</setmetrics>
<fields>
<field>
<fieldname>survey_date</fieldname>
<columnindex>1</columnindex>
</field>
<field>
<fieldname>survey_time</fieldname>
<columnindex>2</columnindex>
</field>
<field>
<fieldname>surveyor</fieldname>
<columnindex>3</columnindex>
</field>
<field>
<fieldname>related_to</fieldname>
<columnindex>4</columnindex>
</field>
<field>
<fieldname>contact</fieldname>
<columnindex>5</columnindex>
</field>
<field>
<fieldname>potential</fieldname>
<columnindex>6</columnindex>
</field>
</fields>
</customview>
</customviews>
<sharingaccess>
<default>public_readwritedelete</default>
</sharingaccess>
<actions>
<action>
<name><![CDATA[Import]]></name>
<status>disabled</status>
</action>
<action>
<name><![CDATA[Export]]></name>
<status>disabled</status>
</action>
<action>
<name><![CDATA[Merge]]></name>
<status>disabled</status>
</action>
</actions>
<crons>
</crons>
</module>
